target,dependency,correlation,abs_correlation,strategy
FIT101,MV101,0.9609630619146914,0.9609630619146914,entire_plant
FIT101,LIT101,-0.6167257775398134,0.6167257775398134,entire_plant
FIT101,LIT301,0.38660288791062936,0.38660288791062936,entire_plant
FIT101,LIT401,0.3715139088610938,0.3715139088610938,entire_plant
FIT101,P203,0.1889065355686933,0.1889065355686933,entire_plant
FIT101,FIT201,0.18675581221555698,0.18675581221555698,entire_plant
FIT101,P101,0.18023948262526182,0.18023948262526182,entire_plant
FIT101,P302,-0.17655487318596372,0.17655487318596372,entire_plant
FIT101,FIT301,-0.16447469856605912,0.16447469856605912,entire_plant
FIT101,DPIT301,-0.1609904767623845,0.1609904767623845,entire_plant
LIT101,FIT201,-0.6299026730380507,0.6299026730380507,entire_plant
LIT101,P203,-0.6298318613619801,0.6298318613619801,entire_plant
LIT101,P101,-0.6208306307734468,0.6208306307734468,entire_plant
LIT101,FIT101,-0.6167257775398134,0.6167257775398134,entire_plant
LIT101,MV101,-0.5784882096213823,0.5784882096213823,entire_plant
LIT101,MV201,-0.5630875830357198,0.5630875830357198,entire_plant
LIT101,P205,-0.4990307126162927,0.4990307126162927,entire_plant
LIT101,FIT504,0.19420623600059128,0.19420623600059128,entire_plant
LIT101,P501,0.19127028521500677,0.19127028521500677,entire_plant
LIT101,P402,0.19095887280543303,0.19095887280543303,entire_plant
AIT201,AIT202,-0.909538797638162,0.909538797638162,entire_plant
AIT201,AIT501,0.7343124089838687,0.7343124089838687,entire_plant
AIT201,AIT203,0.7331730133232084,0.7331730133232084,entire_plant
AIT201,AIT502,0.5915817875456909,0.5915817875456909,entire_plant
AIT201,AIT402,0.5882221476769073,0.5882221476769073,entire_plant
AIT201,PIT502,0.5747705658077812,0.5747705658077812,entire_plant
AIT201,AIT504,-0.2927659601468731,0.2927659601468731,entire_plant
AIT201,P201,-0.28549045705569,0.28549045705569,entire_plant
AIT201,AIT401,0.11932486919151887,0.11932486919151887,entire_plant
AIT201,FIT501,0.06699652952355428,0.06699652952355428,entire_plant
AIT202,AIT201,-0.909538797638162,0.909538797638162,entire_plant
AIT202,AIT501,-0.4327984246603494,0.4327984246603494,entire_plant
AIT202,AIT402,-0.36374833884473307,0.36374833884473307,entire_plant
AIT202,AIT502,-0.30766183283777837,0.30766183283777837,entire_plant
AIT202,MV201,-0.2910709571978144,0.2910709571978144,entire_plant
AIT202,PIT502,-0.2856090035122496,0.2856090035122496,entire_plant
AIT202,P203,-0.25407671018062417,0.25407671018062417,entire_plant
AIT202,FIT201,-0.2534361159699805,0.2534361159699805,entire_plant
AIT202,P101,-0.25248611289442996,0.25248611289442996,entire_plant
AIT202,P201,0.24536461927366165,0.24536461927366165,entire_plant
AIT203,AIT401,-0.8762728611493439,0.8762728611493439,entire_plant
AIT203,AIT201,0.7331730133232083,0.7331730133232083,entire_plant
AIT203,AIT402,0.6375448767989499,0.6375448767989499,entire_plant
AIT203,AIT502,0.6159915634567492,0.6159915634567492,entire_plant
AIT203,MV201,0.3509937695298927,0.3509937695298927,entire_plant
AIT203,P205,-0.2716864441814955,0.2716864441814955,entire_plant
AIT203,AIT503,0.19925897372958515,0.19925897372958515,entire_plant
AIT203,P201,-0.18731901115418012,0.18731901115418012,entire_plant
AIT203,LIT301,-0.1699862178297231,0.1699862178297231,entire_plant
AIT203,LIT401,-0.16810912528813776,0.16810912528813776,entire_plant
FIT201,P203,0.9959307956748427,0.9959307956748427,entire_plant
FIT201,P101,0.991476691699604,0.991476691699604,entire_plant
FIT201,MV201,0.9711589848093972,0.9711589848093972,entire_plant
FIT201,P205,0.855371187353614,0.855371187353614,entire_plant
FIT201,LIT101,-0.6299026730380507,0.6299026730380507,entire_plant
FIT201,DPIT301,0.47918813715021463,0.47918813715021463,entire_plant
FIT201,FIT301,0.47899195728547656,0.47899195728547656,entire_plant
FIT201,P302,0.45012055879561663,0.45012055879561663,entire_plant
FIT201,MV302,0.4483681787338882,0.4483681787338882,entire_plant
FIT201,LIT301,-0.28730354489612464,0.28730354489612464,entire_plant
DPIT301,FIT301,0.975713989888311,0.975713989888311,entire_plant
DPIT301,P302,0.9502927603340723,0.9502927603340723,entire_plant
DPIT301,MV302,0.943846791115032,0.943846791115032,entire_plant
DPIT301,P101,0.48860494665170434,0.48860494665170434,entire_plant
DPIT301,P203,0.4827311991825846,0.4827311991825846,entire_plant
DPIT301,FIT201,0.4791881371502147,0.4791881371502147,entire_plant
DPIT301,P205,0.4213828636510486,0.4213828636510486,entire_plant
DPIT301,MV201,0.3832195544986375,0.3832195544986375,entire_plant
DPIT301,LIT301,-0.33123759132599717,0.33123759132599717,entire_plant
DPIT301,MV303,-0.3130161160775008,0.3130161160775008,entire_plant
FIT301,DPIT301,0.9757139898883112,0.9757139898883112,entire_plant
FIT301,P302,0.9701358378551487,0.9701358378551487,entire_plant
FIT301,MV302,0.8883132892173562,0.8883132892173562,entire_plant
FIT301,P101,0.4887582371372836,0.4887582371372836,entire_plant
FIT301,P203,0.48297521201207944,0.48297521201207944,entire_plant
FIT301,FIT201,0.4789919572854766,0.4789919572854766,entire_plant
FIT301,P205,0.42012156950697116,0.42012156950697116,entire_plant
FIT301,MV201,0.37146435406010564,0.37146435406010564,entire_plant
FIT301,LIT301,-0.32030470001569084,0.32030470001569084,entire_plant
FIT301,MV303,-0.2781496602122223,0.2781496602122223,entire_plant
LIT301,LIT401,0.5821008965725731,0.5821008965725731,entire_plant
LIT301,MV101,0.5058908318462503,0.5058908318462503,entire_plant
LIT301,FIT501,0.4552074514756926,0.4552074514756926,entire_plant
LIT301,FIT401,0.4526381553314909,0.4526381553314909,entire_plant
LIT301,FIT502,0.4462154952803408,0.4462154952803408,entire_plant
LIT301,P501,0.4437841570014506,0.4437841570014506,entire_plant
LIT301,P402,0.4429635006658391,0.4429635006658391,entire_plant
LIT301,FIT503,0.44149229417844754,0.44149229417844754,entire_plant
LIT301,UV401,0.4409730045574756,0.4409730045574756,entire_plant
LIT301,PIT501,0.4390576328509456,0.4390576328509456,entire_plant
AIT401,AIT203,-0.8762728611493439,0.8762728611493439,entire_plant
AIT401,AIT402,-0.5812886769960972,0.5812886769960972,entire_plant
AIT401,AIT502,-0.5782211221109949,0.5782211221109949,entire_plant
AIT401,P205,0.35974224674878585,0.35974224674878585,entire_plant
AIT401,FIT502,0.22988529526804244,0.22988529526804244,entire_plant
AIT401,LIT401,0.2142990880207064,0.2142990880207064,entire_plant
AIT401,FIT501,0.2084703719013408,0.2084703719013408,entire_plant
AIT401,FIT401,0.205343074709804,0.205343074709804,entire_plant
AIT401,LIT301,0.18056800523507283,0.18056800523507283,entire_plant
AIT401,AIT501,0.17525616935205152,0.17525616935205152,entire_plant
AIT402,AIT502,0.975635688953917,0.975635688953917,entire_plant
AIT402,AIT203,0.6375448767989499,0.6375448767989499,entire_plant
AIT402,AIT201,0.5882221476769073,0.5882221476769073,entire_plant
AIT402,AIT401,-0.5812886769960972,0.5812886769960972,entire_plant
AIT402,AIT202,-0.36374833884473307,0.36374833884473307,entire_plant
AIT402,PIT502,0.3334606282646686,0.3334606282646686,entire_plant
AIT402,P205,-0.1969537526748151,0.1969537526748151,entire_plant
AIT402,LIT401,-0.17475161906211106,0.17475161906211106,entire_plant
AIT402,P301,0.16520721537952018,0.16520721537952018,entire_plant
AIT402,PIT503,0.16368355625497089,0.16368355625497089,entire_plant
FIT401,FIT501,0.9952950785071357,0.9952950785071357,entire_plant
FIT401,UV401,0.9830488866407674,0.9830488866407674,entire_plant
FIT401,P402,0.9796789402109276,0.9796789402109276,entire_plant
FIT401,P501,0.9778302095820904,0.9778302095820904,entire_plant
FIT401,FIT502,0.9760126060219251,0.9760126060219251,entire_plant
FIT401,FIT503,0.9679079966959533,0.9679079966959533,entire_plant
FIT401,FIT504,0.9585220755058218,0.9585220755058218,entire_plant
FIT401,PIT501,0.9402721003438453,0.9402721003438453,entire_plant
FIT401,PIT503,0.9218994720472458,0.9218994720472458,entire_plant
FIT401,AIT504,-0.8438003606899181,0.8438003606899181,entire_plant
LIT401,LIT301,0.5821008965725731,0.5821008965725731,entire_plant
LIT401,FIT501,0.47705019159734025,0.47705019159734025,entire_plant
LIT401,FIT401,0.47390502699393516,0.47390502699393516,entire_plant
LIT401,AIT501,0.47362918856660324,0.47362918856660324,entire_plant
LIT401,FIT502,0.4714811206810209,0.4714811206810209,entire_plant
LIT401,P402,0.4507176407386633,0.4507176407386633,entire_plant
LIT401,P501,0.4492552784286664,0.4492552784286664,entire_plant
LIT401,UV401,0.4481146546948668,0.4481146546948668,entire_plant
LIT401,PIT501,0.4464757901534698,0.4464757901534698,entire_plant
LIT401,FIT503,0.4428121736249176,0.4428121736249176,entire_plant
AIT501,AIT201,0.7343124089838686,0.7343124089838686,entire_plant
AIT501,AIT504,-0.5175915412669693,0.5175915412669693,entire_plant
AIT501,PIT503,0.47474079766748206,0.47474079766748206,entire_plant
AIT501,LIT401,0.47362918856660324,0.47362918856660324,entire_plant
AIT501,FIT503,0.4649493637776404,0.4649493637776404,entire_plant
AIT501,FIT501,0.46233101140077887,0.46233101140077887,entire_plant
AIT501,PIT501,0.4605046120963153,0.4605046120963153,entire_plant
AIT501,FIT401,0.4553087048786074,0.4553087048786074,entire_plant
AIT501,P501,0.45481969037208964,0.45481969037208964,entire_plant
AIT501,FIT504,0.45359908101570307,0.45359908101570307,entire_plant
AIT502,AIT402,0.9756356889539171,0.9756356889539171,entire_plant
AIT502,AIT203,0.6159915634567492,0.6159915634567492,entire_plant
AIT502,AIT201,0.5915817875456909,0.5915817875456909,entire_plant
AIT502,AIT401,-0.5782211221109949,0.5782211221109949,entire_plant
AIT502,PIT502,0.33639811616465903,0.33639811616465903,entire_plant
AIT502,AIT202,-0.30766183283777837,0.30766183283777837,entire_plant
AIT502,FIT502,-0.23163667063129112,0.23163667063129112,entire_plant
AIT502,LIT401,-0.19618277064797773,0.19618277064797773,entire_plant
AIT502,P205,-0.19094026884989132,0.19094026884989132,entire_plant
AIT502,LIT301,-0.18302803869737205,0.18302803869737205,entire_plant
AIT503,P201,-0.4864925784301887,0.4864925784301887,entire_plant
AIT503,AIT501,0.27044724901891143,0.27044724901891143,entire_plant
AIT503,MV101,0.19948679145814796,0.19948679145814796,entire_plant
AIT503,AIT203,0.19925897372958515,0.19925897372958515,entire_plant
AIT503,MV201,0.1411838706109173,0.1411838706109173,entire_plant
AIT503,FIT101,0.1400441602096673,0.1400441602096673,entire_plant
AIT503,AIT401,-0.126525017824393,0.126525017824393,entire_plant
AIT503,LIT301,0.11650851801108383,0.11650851801108383,entire_plant
AIT503,AIT202,-0.08761051930617735,0.08761051930617735,entire_plant
AIT503,AIT502,-0.07585376031688988,0.07585376031688988,entire_plant
AIT504,FIT504,-0.893471032700803,0.893471032700803,entire_plant
AIT504,FIT503,-0.8892559466490694,0.8892559466490694,entire_plant
AIT504,P501,-0.8888072409590642,0.8888072409590642,entire_plant
AIT504,PIT501,-0.8798324151549887,0.8798324151549887,entire_plant
AIT504,PIT503,-0.876439191130547,0.876439191130547,entire_plant
AIT504,P402,-0.851598149572308,0.851598149572308,entire_plant
AIT504,FIT501,-0.8484144702722489,0.8484144702722489,entire_plant
AIT504,UV401,-0.8466715413713854,0.8466715413713854,entire_plant
AIT504,FIT401,-0.8438003606899181,0.8438003606899181,entire_plant
AIT504,FIT502,-0.816754182749454,0.816754182749454,entire_plant
FIT501,FIT401,0.9952950785071357,0.9952950785071357,entire_plant
FIT501,P402,0.9851571973060482,0.9851571973060482,entire_plant
FIT501,UV401,0.9830874517105387,0.9830874517105387,entire_plant
FIT501,FIT502,0.9805071479059311,0.9805071479059311,entire_plant
FIT501,P501,0.978166087661315,0.978166087661315,entire_plant
FIT501,FIT503,0.9700791888327923,0.9700791888327923,entire_plant
FIT501,FIT504,0.9585521911771333,0.9585521911771333,entire_plant
FIT501,PIT501,0.9428129718542453,0.9428129718542453,entire_plant
FIT501,PIT503,0.9245170433404402,0.9245170433404402,entire_plant
FIT501,AIT504,-0.8484144702722489,0.8484144702722489,entire_plant
FIT502,FIT501,0.9805071479059311,0.9805071479059311,entire_plant
FIT502,FIT401,0.9760126060219251,0.9760126060219251,entire_plant
FIT502,P402,0.9576382713010745,0.9576382713010745,entire_plant
FIT502,UV401,0.9563796603606352,0.9563796603606352,entire_plant
FIT502,P501,0.9531706184131978,0.9531706184131978,entire_plant
FIT502,FIT503,0.9331737274026884,0.9331737274026884,entire_plant
FIT502,FIT504,0.9251282603870798,0.9251282603870798,entire_plant
FIT502,PIT501,0.8985649343161283,0.8985649343161283,entire_plant
FIT502,PIT503,0.876535069749778,0.876535069749778,entire_plant
FIT502,AIT504,-0.8167541827494539,0.8167541827494539,entire_plant
FIT503,PIT501,0.991688060644908,0.991688060644908,entire_plant
FIT503,FIT504,0.9899398621518583,0.9899398621518583,entire_plant
FIT503,P501,0.9838157208075355,0.9838157208075355,entire_plant
FIT503,PIT503,0.9837275251574906,0.9837275251574906,entire_plant
FIT503,UV401,0.9805315478917576,0.9805315478917576,entire_plant
FIT503,P402,0.9798580130349335,0.9798580130349335,entire_plant
FIT503,FIT501,0.9700791888327923,0.9700791888327923,entire_plant
FIT503,FIT401,0.9679079966959533,0.9679079966959533,entire_plant
FIT503,FIT502,0.9331737274026883,0.9331737274026883,entire_plant
FIT503,AIT504,-0.8892559466490694,0.8892559466490694,entire_plant
FIT504,FIT503,0.9899398621518581,0.9899398621518581,entire_plant
FIT504,P501,0.9834804967371028,0.9834804967371028,entire_plant
FIT504,PIT501,0.9710061513161561,0.9710061513161561,entire_plant
FIT504,UV401,0.9610733187089245,0.9610733187089245,entire_plant
FIT504,PIT503,0.9594489216796658,0.9594489216796658,entire_plant
FIT504,FIT501,0.9585521911771333,0.9585521911771333,entire_plant
FIT504,FIT401,0.9585220755058219,0.9585220755058219,entire_plant
FIT504,P402,0.955513280326135,0.955513280326135,entire_plant
FIT504,FIT502,0.9251282603870797,0.9251282603870797,entire_plant
FIT504,AIT504,-0.8934710327008031,0.8934710327008031,entire_plant
PIT501,PIT503,0.9979618830554114,0.9979618830554114,entire_plant
PIT501,FIT503,0.9916880606449079,0.9916880606449079,entire_plant
PIT501,FIT504,0.9710061513161561,0.9710061513161561,entire_plant
PIT501,P402,0.9695584459683521,0.9695584459683521,entire_plant
PIT501,UV401,0.968204217234717,0.968204217234717,entire_plant
PIT501,P501,0.9624107933710196,0.9624107933710196,entire_plant
PIT501,FIT501,0.9428129718542452,0.9428129718542452,entire_plant
PIT501,FIT401,0.9402721003438453,0.9402721003438453,entire_plant
PIT501,FIT502,0.8985649343161284,0.8985649343161284,entire_plant
PIT501,AIT504,-0.8798324151549887,0.8798324151549887,entire_plant
PIT502,AIT201,0.5747705658077812,0.5747705658077812,entire_plant
PIT502,AIT502,0.33639811616465903,0.33639811616465903,entire_plant
PIT502,AIT402,0.3334606282646686,0.3334606282646686,entire_plant
PIT502,PIT503,0.31808098280302904,0.31808098280302904,entire_plant
PIT502,PIT501,0.29909461898054207,0.29909461898054207,entire_plant
PIT502,FIT503,0.29240702902360227,0.29240702902360227,entire_plant
PIT502,AIT202,-0.2856090035122496,0.2856090035122496,entire_plant
PIT502,UV401,0.27824112456217015,0.27824112456217015,entire_plant
PIT502,AIT504,-0.2779209407591151,0.2779209407591151,entire_plant
PIT502,P402,0.2763176403272614,0.2763176403272614,entire_plant
PIT503,PIT501,0.9979618830554113,0.9979618830554113,entire_plant
PIT503,FIT503,0.9837275251574905,0.9837275251574905,entire_plant
PIT503,FIT504,0.9594489216796658,0.9594489216796658,entire_plant
PIT503,P402,0.9580153931420782,0.9580153931420782,entire_plant
PIT503,UV401,0.9560523238013727,0.9560523238013727,entire_plant
PIT503,P501,0.9476820273664802,0.9476820273664802,entire_plant
PIT503,FIT501,0.92451704334044,0.92451704334044,entire_plant
PIT503,FIT401,0.9218994720472459,0.9218994720472459,entire_plant
PIT503,FIT502,0.8765350697497781,0.8765350697497781,entire_plant
PIT503,AIT504,-0.8764391911305471,0.8764391911305471,entire_plant
FIT601,P602,0.7998695222686709,0.7998695222686709,entire_plant
FIT601,MV301,0.5696257368974239,0.5696257368974239,entire_plant
FIT601,MV303,0.557490730405277,0.557490730405277,entire_plant
FIT601,DPIT301,-0.24407612007210333,0.24407612007210333,entire_plant
FIT601,FIT301,-0.2200359445119893,0.2200359445119893,entire_plant
FIT601,P302,-0.2164088563966167,0.2164088563966167,entire_plant
FIT601,MV302,-0.1927126994942863,0.1927126994942863,entire_plant
FIT601,MV101,0.06313155989975854,0.06313155989975854,entire_plant
FIT601,LIT101,-0.06308289187732968,0.06308289187732968,entire_plant
FIT601,FIT101,0.05916352575222489,0.05916352575222489,entire_plant
