target,dependency,importance,strategy
FIT101,MV101,0.9881481307359722,same_stage
FIT101,LIT101,0.011710442774490546,same_stage
FIT101,P101,0.00014091340811513923,same_stage
FIT101,P102,5.130814221306171e-07,same_stage
LIT101,MV101,0.544556103356671,same_stage
LIT101,P101,0.39407064522229257,same_stage
LIT101,FIT101,0.06108838484465419,same_stage
LIT101,P102,0.0002848665763821657,same_stage
AIT201,AIT202,0.9247842046860776,same_stage
AIT201,FIT201,0.05029622428509426,same_stage
AIT201,AIT203,0.02260806567254067,same_stage
AIT201,P201,0.001997875329956676,same_stage
AIT201,MV201,0.00023013197445696261,same_stage
AIT201,P205,4.773581166799665e-05,same_stage
AIT201,P203,3.576224020567886e-05,same_stage
AIT201,P202,0.0,same_stage
AIT201,P204,0.0,same_stage
AIT201,P206,0.0,same_stage
AIT202,AIT201,0.8100500605003061,same_stage
AIT202,AIT203,0.1489107092889529,same_stage
AIT202,FIT201,0.027072992867212164,same_stage
AIT202,P205,0.005089745493782852,same_stage
AIT202,MV201,0.004803538853594928,same_stage
AIT202,P203,0.0031213207943388273,same_stage
AIT202,P201,0.0009516322018122886,same_stage
AIT202,P202,0.0,same_stage
AIT202,P204,0.0,same_stage
AIT202,P206,0.0,same_stage
AIT203,AIT202,0.8163292498406199,same_stage
AIT203,AIT201,0.12528331269664122,same_stage
AIT203,FIT201,0.055553083739657026,same_stage
AIT203,P201,0.0022887057994159495,same_stage
AIT203,MV201,0.0004920083185415145,same_stage
AIT203,P205,2.8305616913246366e-05,same_stage
AIT203,P203,2.5333988211039335e-05,same_stage
AIT203,P202,0.0,same_stage
AIT203,P204,0.0,same_stage
AIT203,P206,0.0,same_stage
FIT201,P205,0.7439805762070532,same_stage
FIT201,P203,0.24801940441712286,same_stage
FIT201,MV201,0.003563346852803122,same_stage
FIT201,AIT203,0.0016952434170830852,same_stage
FIT201,AIT201,0.00144767799912926,same_stage
FIT201,AIT202,0.00129198387414668,same_stage
FIT201,P201,1.7672326619380458e-06,same_stage
FIT201,P202,0.0,same_stage
FIT201,P204,0.0,same_stage
FIT201,P206,0.0,same_stage
DPIT301,MV302,0.9584307695574682,same_stage
DPIT301,FIT301,0.036219637558899564,same_stage
DPIT301,LIT301,0.0030673854321549483,same_stage
DPIT301,MV304,0.0009872808948331833,same_stage
DPIT301,MV301,0.0006606553809613152,same_stage
DPIT301,P302,0.000344455086787549,same_stage
DPIT301,MV303,0.00028981608889530765,same_stage
DPIT301,P301,0.0,same_stage
FIT301,DPIT301,0.9986995896226467,same_stage
FIT301,MV301,0.0003142606586549673,same_stage
FIT301,MV303,0.0002792208417854301,same_stage
FIT301,MV304,0.0002530967096662423,same_stage
FIT301,P302,0.00023063859662653734,same_stage
FIT301,LIT301,0.00016220914771279799,same_stage
FIT301,MV302,6.098442290734407e-05,same_stage
FIT301,P301,0.0,same_stage
LIT301,DPIT301,0.6075706102287453,same_stage
LIT301,FIT301,0.3791536588583673,same_stage
LIT301,MV303,0.006430212306096953,same_stage
LIT301,P302,0.003970013085608145,same_stage
LIT301,MV301,0.0013557674161561331,same_stage
LIT301,MV304,0.0010924261879952412,same_stage
LIT301,MV302,0.00042731191703100277,same_stage
LIT301,P301,0.0,same_stage
AIT401,AIT402,0.6966582794895808,same_stage
AIT401,FIT401,0.18435741431056135,same_stage
AIT401,LIT401,0.11896415369846235,same_stage
AIT401,UV401,2.0152500371128225e-05,same_stage
AIT401,P403,9.956152733180763e-13,same_stage
AIT401,P402,2.8692214134228414e-14,same_stage
AIT401,P401,0.0,same_stage
AIT401,P404,0.0,same_stage
AIT402,FIT401,0.5771748004724223,same_stage
AIT402,LIT401,0.2793098641205815,same_stage
AIT402,AIT401,0.14303054936033158,same_stage
AIT402,P402,0.00023673322359299022,same_stage
AIT402,UV401,0.0001321091124736573,same_stage
AIT402,P403,0.00011594371059803477,same_stage
AIT402,P401,0.0,same_stage
AIT402,P404,0.0,same_stage
FIT401,UV401,0.9726523684612634,same_stage
FIT401,AIT402,0.015682591419867633,same_stage
FIT401,LIT401,0.009591440402214381,same_stage
FIT401,AIT401,0.0019803064119246583,same_stage
FIT401,P403,9.329330472992409e-05,same_stage
FIT401,P401,0.0,same_stage
FIT401,P402,0.0,same_stage
FIT401,P404,0.0,same_stage
LIT401,AIT402,0.4845523772029056,same_stage
LIT401,FIT401,0.4557782567462278,same_stage
LIT401,AIT401,0.05763732303626127,same_stage
LIT401,P402,0.0018793912835673567,same_stage
LIT401,UV401,0.0001403742732897982,same_stage
LIT401,P403,1.2277457748024763e-05,same_stage
LIT401,P401,0.0,same_stage
LIT401,P404,0.0,same_stage
AIT501,AIT504,0.5860435643643744,same_stage
AIT501,AIT502,0.19068198991113425,same_stage
AIT501,FIT501,0.0888189765446467,same_stage
AIT501,AIT503,0.056188077892579534,same_stage
AIT501,PIT502,0.03861894464379431,same_stage
AIT501,PIT501,0.018478216590712936,same_stage
AIT501,PIT503,0.011814614100407574,same_stage
AIT501,FIT503,0.004241360985337265,same_stage
AIT501,FIT504,0.0027060865875669846,same_stage
AIT501,FIT502,0.0021938901403018643,same_stage
AIT502,FIT503,0.644673906629997,same_stage
AIT502,AIT501,0.195758260588598,same_stage
AIT502,AIT504,0.061123459392965325,same_stage
AIT502,PIT503,0.05043925374794424,same_stage
AIT502,FIT502,0.022675106591369728,same_stage
AIT502,PIT502,0.008705299226624885,same_stage
AIT502,AIT503,0.005989224356535606,same_stage
AIT502,PIT501,0.005392479842182729,same_stage
AIT502,FIT504,0.002706098960008509,same_stage
AIT502,FIT501,0.0025201052189283723,same_stage
AIT503,AIT504,0.35239190136709264,same_stage
AIT503,AIT501,0.2989117934853504,same_stage
AIT503,AIT502,0.1333542948955683,same_stage
AIT503,PIT503,0.08415856433359001,same_stage
AIT503,PIT501,0.04285689346081615,same_stage
AIT503,FIT504,0.028696035490964503,same_stage
AIT503,PIT502,0.02077212252842667,same_stage
AIT503,FIT501,0.01921073816894857,same_stage
AIT503,FIT503,0.01497560980265941,same_stage
AIT503,FIT502,0.004656503441213038,same_stage
AIT504,FIT501,0.43423763488806033,same_stage
AIT504,FIT502,0.3387857165105245,same_stage
AIT504,AIT501,0.0869137974025304,same_stage
AIT504,AIT503,0.05124035668116425,same_stage
AIT504,PIT501,0.04572168322028438,same_stage
AIT504,PIT503,0.019693080949513227,same_stage
AIT504,AIT502,0.011786039406213096,same_stage
AIT504,PIT502,0.00730659105329959,same_stage
AIT504,FIT503,0.0032571803139773868,same_stage
AIT504,FIT504,0.0009955827738815973,same_stage
FIT501,FIT503,0.3205627518114092,same_stage
FIT501,PIT501,0.2852702582471156,same_stage
FIT501,FIT502,0.20625975109160716,same_stage
FIT501,PIT503,0.17649819662336844,same_stage
FIT501,AIT502,0.00724587771557081,same_stage
FIT501,FIT504,0.0029495685605305673,same_stage
FIT501,AIT501,0.0005925851397525643,same_stage
FIT501,PIT502,0.000286151348744281,same_stage
FIT501,AIT504,0.00020170142068255486,same_stage
FIT501,AIT503,0.0001266597140874069,same_stage
FIT502,FIT503,0.2989216383118873,same_stage
FIT502,PIT501,0.27110222033096165,same_stage
FIT502,FIT501,0.24046461825831608,same_stage
FIT502,PIT503,0.1691818403837716,same_stage
FIT502,AIT502,0.004516109610764551,same_stage
FIT502,AIT503,0.003950627536654256,same_stage
FIT502,FIT504,0.0033116959785617177,same_stage
FIT502,AIT501,0.002921249888883686,same_stage
FIT502,AIT504,0.002483453824437274,same_stage
FIT502,PIT502,0.002347592645564861,same_stage
FIT503,PIT501,0.4244368564949652,same_stage
FIT503,FIT501,0.32427656867727833,same_stage
FIT503,PIT503,0.1303926792962966,same_stage
FIT503,FIT504,0.11670447533062663,same_stage
FIT503,FIT502,0.003606147508245566,same_stage
FIT503,AIT502,0.0001924606529682828,same_stage
FIT503,AIT501,0.000112981189762937,same_stage
FIT503,PIT502,0.00011103266255891967,same_stage
FIT503,AIT503,8.628688054041075e-05,same_stage
FIT503,AIT504,8.034068473421324e-05,same_stage
FIT504,FIT501,0.4726854908239173,same_stage
FIT504,FIT503,0.4656841468383506,same_stage
FIT504,PIT501,0.04992835463045479,same_stage
FIT504,PIT503,0.010232968345932797,same_stage
FIT504,AIT502,0.0003797996657542981,same_stage
FIT504,FIT502,0.0002690287548444333,same_stage
FIT504,PIT502,0.00024077589248081493,same_stage
FIT504,AIT503,0.00022352108980009305,same_stage
FIT504,AIT501,0.00019902314642389083,same_stage
FIT504,AIT504,0.0001552854482723218,same_stage
PIT501,PIT503,0.34264135893729636,same_stage
PIT501,FIT503,0.2939792518132473,same_stage
PIT501,FIT501,0.2759741308414573,same_stage
PIT501,FIT502,0.08539331265880637,same_stage
PIT501,FIT504,0.0012064377152336042,same_stage
PIT501,AIT501,0.0004342009047077049,same_stage
PIT501,AIT502,0.00014263921353572262,same_stage
PIT501,AIT503,0.0001258145131320514,same_stage
PIT501,PIT502,6.81955594787416e-05,same_stage
PIT501,AIT504,3.435692184422553e-05,same_stage
PIT502,AIT501,0.23826342461760458,same_stage
PIT502,AIT502,0.22350197110767092,same_stage
PIT502,FIT503,0.13512251538744052,same_stage
PIT502,PIT501,0.12541429358965947,same_stage
PIT502,PIT503,0.07957218292863318,same_stage
PIT502,FIT501,0.07491839096447266,same_stage
PIT502,AIT503,0.05241514895978544,same_stage
PIT502,AIT504,0.04405170722889436,same_stage
PIT502,FIT502,0.01340715052404339,same_stage
PIT502,FIT504,0.013277810341690998,same_stage
PIT503,PIT501,0.3131831961580338,same_stage
PIT503,FIT501,0.23177450599862795,same_stage
PIT503,FIT502,0.23119578531786403,same_stage
PIT503,FIT503,0.22264831779804725,same_stage
PIT503,AIT501,0.0004914015507672037,same_stage
PIT503,AIT502,0.000445457394522021,same_stage
PIT503,FIT504,0.00012577559160034056,same_stage
PIT503,AIT504,9.354292388838593e-05,same_stage
PIT503,AIT503,2.104657074054078e-05,same_stage
PIT503,PIT502,2.044698133017644e-05,same_stage
FIT601,P602,1.0,same_stage
FIT601,P601,0.0,same_stage
FIT601,P603,0.0,same_stage
