target,dependency,rf_score,mi_score,xgb_score,confidence
AIT201,AIT202,0.9247842046860776,0.8423562394361989,0.8660823,0.8777409147074255
AIT203,AIT202,0.8163292498406199,0.822248993588828,0.6994499,0.7793427144764826
FIT301,DPIT301,0.9986995896226468,0.26832487889442225,0.99099445,0.752672972839023
FIT101,MV101,0.9881481307359722,0.15982339889304337,0.9982512,0.7154075765430052
DPIT301,MV302,0.9584307695574682,0.13372249094730324,0.9927223,0.6949585201682571
FIT601,P602,1.0,0.011532327720881818,1.0,0.6705107759069606
FIT401,UV401,0.9726523684612634,0.00623442445421293,0.9973002,0.6587289976384921
FIT201,P205,0.7439805762070532,0.15315326293318166,0.9989423,0.6320253797134116
AIT202,AIT201,0.8100500605003061,0.8421038494454189,0.22561628,0.6259233966485751
AIT501,AIT504,0.5860435643643744,0.3713345118227626,0.5234895,0.49362252539571233
AIT401,AIT402,0.6966582794895808,0.13849405568589718,0.63530815,0.49015349505849265
AIT402,FIT401,0.5771748004724223,0.36612170543837375,0.45682356,0.46670668863693204
AIT502,FIT503,0.644673906629997,0.0,0.5797511,0.4081416688766657
LIT301,DPIT301,0.6075706102287453,0.14872117083900874,0.458892,0.405061260355918
AIT203,AIT201,0.1252833126966412,0.9993418774219122,0.07813329,0.4009194933728511
LIT401,AIT402,0.4845523772029056,0.4467452960872723,0.16152573,0.3642744677633926
FIT503,FIT504,0.1167044753306266,0.0,0.9673056,0.3613366917768755
LIT101,MV101,0.544556103356671,0.07433647081376177,0.45744383,0.35877880139014423
PIT501,PIT503,0.3426413589372963,0.7063126519549409,0.02466941,0.3578744736307457
PIT503,PIT501,0.3131831961580338,0.7065781594248468,0.036659606,0.35214032052762684
AIT201,AIT203,0.0226080656725406,1.0,0.018769423,0.34712582955751353
AIT202,AIT203,0.1489107092889529,0.8220296241265742,0.05610561,0.34234864780517565
LIT401,FIT401,0.4557782567462278,0.15902781998536267,0.39087945,0.3352285089105302
LIT101,P101,0.3940706452222925,0.06607451992515141,0.54047805,0.33354107171581465
FIT504,P501,0.0,0.0,0.9944608,0.33148693333333334
AIT504,P501,0.0,0.0,0.9601562,0.3200520666666667
AIT501,AIT502,0.1906819899111342,0.6597049360794462,0.104186684,0.31819120333019346
PIT501,PIT502,6.81955594787416e-05,0.0,0.9522495,0.3174392318531596
FIT501,PIT502,0.0002861513487442,0.0,0.9431421,0.31447608378291475
PIT503,PIT502,2.044698133017644e-05,0.0,0.9305557,0.3101920489937767
AIT503,AIT501,0.2989117934853504,0.48343240921928854,0.13607477,0.306139657568213
AIT502,AIT501,0.195758260588598,0.6595821064330556,0.053149372,0.3028299130072179
FIT502,P501,0.0,0.0,0.8951642,0.2983880666666667
AIT503,AIT502,0.1333542948955683,0.5751660243630514,0.084431805,0.26431737475287326
FIT503,PIT501,0.4244368564949652,0.36206405992580426,0.0,0.26216697214025647
AIT503,AIT504,0.3523919013670926,0.2412829515624298,0.1628928,0.25218921764317415
AIT502,PIT503,0.0504392537479442,0.5013923255034681,0.19366384,0.24849847308380413
AIT402,LIT401,0.2793098641205815,0.44690210867102,0.0,0.24207065759720048
LIT301,FIT301,0.3791536588583673,0.12530108154258918,0.19755796,0.2340042334669855
FIT504,FIT501,0.4726854908239173,0.22731237983329064,0.0010430248,0.233680298485736
PIT501,FIT503,0.2939792518132473,0.3619611713630956,0.0,0.21864680772544762
FIT504,FIT503,0.4656841468383506,0.18437119022403742,0.0022472597,0.217434198920796
FIT501,FIT503,0.3205627518114092,0.3026447214892175,0.012976263,0.21206124543354224
FIT503,FIT501,0.3242765686772783,0.30284854189666005,0.0,0.20904170352464613
AIT202,P205,0.0050897454937828,0.0787303730719859,0.53569186,0.20650399285525622
FIT501,PIT501,0.2852702582471156,0.33150752134409506,0.0,0.2055925931970702
PIT501,FIT501,0.2759741308414573,0.3316947667729771,0.0,0.20255629920481147
PIT503,FIT503,0.2226483177980472,0.38237097376655377,0.0,0.20167309718820034
AIT501,AIT503,0.0561880778925795,0.484294690934519,0.05566674,0.19871650294236617
AIT502,AIT503,0.0059892243565356,0.5753443751024359,0.0,0.1937778664863238
PIT502,AIT502,0.2235019711076709,0.24848024294870796,0.06924254,0.18040825135212626
FIT503,PIT503,0.1303926792962966,0.38185455878641683,0.009787947,0.17401172836090448
AIT502,AIT504,0.0611234593929653,0.422213492773707,0.024799261,0.16937873772222412
AIT502,PIT501,0.0053924798421827,0.49824791429208526,0.0,0.16788013137808933
PIT503,AIT502,0.000445457394522,0.501212841926586,0.0,0.167219433107036
PIT501,AIT502,0.0001426392135357,0.49835189922864265,0.0,0.16616484614739277
AIT402,AIT401,0.1430305493603315,0.13825158869824963,0.21432796,0.16520336601952704
FIT501,PIT503,0.1764981966233684,0.31393091289294145,0.0,0.16347636983876995
PIT502,P501,0.0,0.0,0.49004707,0.16334902333333332
AIT401,FIT401,0.1843574143105613,0.04811795649494697,0.251229,0.16123479026850274
AIT203,FIT201,0.055553083739657,0.31158998714568187,0.11372502,0.16028936362844629
PIT502,AIT501,0.2382634246176045,0.23834034938644805,0.0,0.1588679246680175
AIT504,AIT501,0.0869137974025304,0.3714693815809732,0.0064551546,0.15494611119450122
AIT201,FIT201,0.0502962242850942,0.3071644636295567,0.09971716,0.1523926159715503
AIT504,AIT502,0.011786039406213,0.4221189670215853,0.008724589,0.14754319847593275
AIT504,FIT501,0.4342376348880603,0.0,0.0,0.1447458782960201
FIT502,FIT503,0.2989216383118873,0.1200304611042944,0.0,0.13965069980539388
FIT502,PIT501,0.2711022203309616,0.14017135398138303,0.0,0.13709119143744822
AIT501,PIT501,0.0184782165907129,0.3901198503057464,0.0,0.1361993556321531
AIT501,PIT503,0.0118146141004075,0.39034737118739454,0.0,0.13405399509593402
PIT503,AIT501,0.0004914015507672,0.39032075558484797,0.010287552,0.13369990304520504
FIT201,P203,0.2480194044171228,0.15250837240335904,0.0,0.1335092589401606
PIT501,AIT501,0.0004342009047077,0.3902469926407564,0.008350526,0.13301057318182138
AIT503,PIT503,0.08415856433359,0.30720484995393066,0.0,0.13045447142917355
FIT502,FIT501,0.240464618258316,0.13951860572317945,0.0085304715,0.1295045651604985
FIT401,AIT402,0.0156825914198676,0.36621720986028783,0.0013688514,0.12775621756005182
AIT504,PIT501,0.0457216832202843,0.32523477454823846,0.0,0.12365215258950758
FIT501,AIT502,0.0072458777155708,0.36002287495997987,0.0,0.12242291755851688
AIT503,PIT501,0.0428568934608161,0.30945079392458164,0.0,0.11743589579513258
AIT504,PIT503,0.0196930809495132,0.32101953858991567,0.0,0.11357087317980963
AIT504,FIT502,0.3387857165105245,0.0,0.0,0.11292857217017484
FIT503,AIT502,0.0001924606529682,0.32512169909973593,0.0,0.10843805325090138
PIT503,AIT504,9.354292388838591e-05,0.32103514601897737,0.0,0.1070428963142886
FIT201,AIT203,0.001695243417083,0.3109252873519555,9.971342e-05,0.10424008139634616
DPIT301,FIT301,0.0362196375588995,0.26826940138174743,0.004764614,0.10308455098021564
FIT201,AIT201,0.0014476779991292,0.3070755129893733,7.1583294e-05,0.10286492476083416
FIT502,PIT503,0.1691818403837716,0.13697920720262494,0.0,0.10205368252879883
PIT502,PIT501,0.1254142935896594,0.12113498106240349,0.054285005,0.1002780932173543
AIT202,FIT201,0.0270729928672121,0.254477661968064,0.0,0.09385021827842537
FIT501,AIT501,0.0005925851397525,0.268559317878413,0.009653337,0.09293508000605516
AIT503,FIT504,0.0286960354909645,0.0,0.24094923,0.08988175516365482
FIT201,AIT202,0.0012919838741466,0.25448436236639527,8.3841565e-05,0.08528672926851395
AIT504,FIT503,0.0032571803139773,0.2504352472915603,0.0,0.0845641425351792
FIT503,AIT504,8.034068473421324e-05,0.2506619328553888,0.0,0.08358075784670767
PIT502,FIT503,0.1351225153874405,0.0,0.11208241,0.0824016417958135
LIT401,P402,0.0018793912835673,0.005754213684364802,0.23234992,0.07999450832264403
PIT503,FIT501,0.2317745059986279,0.0,0.0,0.0772581686662093
PIT503,FIT502,0.231195785317864,0.0,0.0,0.07706526177262134
LIT401,AIT401,0.0576373230362612,0.014828308891573392,0.14601311,0.0728262473092782
AIT501,FIT501,0.0888189765446467,0.0,0.1294862,0.0727683921815489
FIT504,PIT501,0.0499283546304547,0.16417947881919673,0.0,0.07136927781655047
AIT202,P203,0.0031213207943388,0.07855094370144365,0.12963368,0.07043531483192748
FIT501,FIT502,0.2062597510916071,0.0,0.0,0.06875325036386903
FIT504,AIT502,0.0003797996657542,0.20289798114174415,0.0,0.06775926026916611
PIT502,PIT503,0.0795721829286331,0.1198788933004366,0.0,0.06648369207635657
AIT503,FIT503,0.0149756098026594,0.0,0.16960774,0.06152778326755314
AIT401,LIT401,0.1189641536984623,0.014795241806977657,0.049674295,0.061144563501813326
FIT504,PIT503,0.0102329683459327,0.1676189670351404,0.0,0.059283978460357704
PIT502,AIT504,0.0440517072288943,0.13019440311373168,0.0,0.05808203678087533
AIT203,P203,2.5333988211039332e-05,0.08224188476565562,0.08752685,0.05659802291795555
FIT401,LIT401,0.0095914404022143,0.1591282906584855,0.0004997531,0.05640649472023326
LIT301,P302,0.0039700130856081,0.05588747251329198,0.096943095,0.052266860199633364
DPIT301,LIT301,0.0030673854321549,0.14887304654522973,0.0,0.05064681065912821
FIT502,AIT502,0.0045161096107645,0.14725937196169822,0.0,0.050591827190820914
AIT502,FIT502,0.0226751065913697,0.0,0.12737711,0.05001740553045656
LIT101,FIT101,0.0610883848446541,0.07954711389257611,0.0007199623,0.04711848701241007
AIT402,P402,0.0002367332235929,0.0030641426514209013,0.13337255,0.0455578086250046
PIT502,FIT501,0.0749183909644726,0.0,0.054686986,0.04320179232149087
FIT301,LIT301,0.0001622091477127,0.12538706238562225,0.0,0.041849757177778314
LIT301,MV302,0.000427311917031,0.06585558872552155,0.05721017,0.04116435688085085
FIT301,MV302,6.098442290734407e-05,0.12216441983723166,0.0,0.04074180142004633
LIT301,MV303,0.0064302123060969,0.0,0.113812804,0.040081005435365635
FIT301,P302,0.0002306385966265,0.11473556778618513,0.002015706,0.03899397079427055
DPIT301,P302,0.0003444550867875,0.11475596557518444,0.0,0.03836680688732398
AIT501,FIT502,0.0021938901403018,0.0,0.09677247,0.032988786713433936
FIT502,PIT502,0.0023475926455648,0.0,0.09272449,0.03169069421518827
FIT101,LIT101,0.0117104427744905,0.07945362422141376,0.0007367441,0.030633603698634757
PIT501,FIT502,0.0853933126588063,0.0,0.0,0.028464437552935432
AIT203,MV201,0.0004920083185415,0.08349482515857812,0.0,0.02799561115903987
AIT402,UV401,0.0001321091124736,0.002816770542582481,0.075444706,0.026131195218352027
AIT402,P403,0.000115943710598,0.0,0.065113254,0.021743065903532668
AIT201,MV201,0.0002301319744569,0.056471379031087225,0.0023905747,0.01969736190184804
AIT504,AIT503,0.0512403566811642,0.0,0.0064518386,0.01923073176038807
AIT201,P205,4.773581166799665e-05,0.05621726859850963,0.0,0.01875500147005921
PIT502,AIT503,0.0524151489597854,0.0,0.0,0.017471716319928467
LIT401,UV401,0.0001403742732897,0.0057791931693003,0.04548381,0.01713445914753
FIT401,AIT401,0.0019803064119246,0.04847815408205204,0.00069028186,0.01704958078465888
DPIT301,MV304,0.0009872808948331,0.046365076641430206,0.0007142469,0.016022201478754435
AIT401,UV401,2.0152500371128225e-05,0.002109226267502897,0.044134177,0.015421185255958007
AIT501,PIT502,0.0386189446437943,0.0,0.0,0.012872981547931433
FIT301,MV303,0.0002792208417854,0.03607212903666366,0.0015491481,0.012633499326149688
AIT202,MV201,0.0048035388535949,0.0,0.027138997,0.0106475119511983
AIT503,PIT502,0.0207721225284266,0.0,0.0,0.006924040842808867
AIT503,FIT501,0.0192107381689485,0.0,0.0,0.0064035793896495
AIT401,P403,9.956152733180765e-13,0.0,0.018998314,0.006332771333665205
LIT301,MV304,0.0010924261879952,0.017082092121383157,0.0,0.006058172769792786
AIT203,P201,0.0022887057994159,0.0,0.013990529,0.005426411599805299
AIT201,P201,0.0019978753299566,0.0,0.012853753,0.0049505427766522005
PIT502,FIT502,0.0134071505240433,0.0,0.0,0.0044690501746811
PIT502,FIT504,0.0132778103416909,0.0,0.0,0.004425936780563634
FIT501,FIT504,0.0029495685605305,0.0,0.010192585,0.004380717853510167
FIT501,P501,0.0,0.0,0.012913559,0.004304519666666667
PIT501,FIT504,0.0012064377152336,0.0,0.0110572865,0.0040879080717445325
FIT503,PIT502,0.0001110326625589,0.0,0.008716006,0.0029423462208529668
AIT502,PIT502,0.0087052992266248,0.0,0.0,0.0029017664088749335
PIT503,FIT504,0.0001257755916003,0.0,0.008257095,0.0027942901972001
PIT503,P501,0.0,0.0,0.0073649297,0.0024549765666666665
AIT504,PIT502,0.0073065910532995,0.0,0.0,0.0024355303510998332
FIT503,P501,0.0,0.0,0.0068790964,0.002293032133333333
AIT504,FIT504,0.0009955827738815,0.0,0.005566477,0.0021873532579605
FIT401,P402,0.0,0.0060582012876710355,0.0,0.0020194004292236785
FIT503,AIT501,0.0001129811897629,0.0,0.0047975974,0.0016368595299209665
AIT503,FIT502,0.004656503441213,0.0,0.0,0.0015521678137376668
FIT201,MV201,0.0035633468528031,0.0,0.0007888905,0.0014507457842677
AIT501,FIT503,0.0042413609853372,0.0,0.0,0.0014137869951124
FIT502,AIT501,0.0029212498888836,0.0,0.0013181197,0.0014131231962945332
FIT502,FIT504,0.0033116959785617,0.0,0.0009107643,0.0014074867595205666
FIT502,AIT503,0.0039506275366542,0.0,0.0,0.0013168758455514
FIT301,MV304,0.0002530967096662,0.0,0.0033593804,0.0012041590365554
FIT503,FIT502,0.0036061475082455,0.0,0.0,0.0012020491694151667
AIT502,FIT504,0.0027060989600085,0.0,0.0,0.0009020329866695
AIT501,FIT504,0.0027060865875669,0.0,0.0,0.0009020288625223
AIT502,FIT501,0.0025201052189283,0.0,0.0,0.0008400350729760999
FIT502,AIT504,0.0024834538244372,0.0,0.0,0.0008278179414790667
FIT101,P101,0.0001409134081151,0.0010155756879729316,0.0010109565,0.0007224818653626773
AIT401,P402,2.8692214134228414e-14,0.0020380520195806373,0.0,0.0006793506732031099
DPIT301,MV301,0.0006606553809613,0.0,0.0011259869,0.0005955474269871
PIT501,P501,0.0,0.0,0.0017639012,0.0005879670666666667
LIT101,P102,0.0002848665763821,8.733026990878358e-05,0.001358154,0.0005767836154302945
FIT301,MV301,0.0003142606586549,0.0,0.0011615339,0.0004919315195516333
LIT301,MV301,0.0013557674161561,0.0,0.0,0.0004519224720520333
FIT504,FIT502,0.0002690287548444,0.0,0.0008480876,0.00037237211828146664
AIT202,P201,0.0009516322018122,0.0,0.0,0.0003172107339374
FIT504,PIT502,0.0002407758924808,0.0,0.0006485109,0.00029642893082693333
DPIT301,MV303,0.0002898160888953,0.0,0.00034240144,0.00021073917629843333
FIT401,P403,9.329330472992408e-05,0.0,0.00013750173,7.693167824330802e-05
FIT504,AIT503,0.0002235210898,0.0,0.0,7.450702993333333e-05
FIT601,P603,0.0,0.0002120377760358401,0.0,7.067925867861337e-05
FIT501,AIT504,0.0002017014206825,0.0,0.0,6.723380689416666e-05
FIT504,AIT501,0.0001990231464238,0.0,0.0,6.634104880793333e-05
FIT504,AIT504,0.0001552854482723,0.0,0.0,5.176181609076666e-05
FIT501,AIT503,0.0001266597140874,0.0,0.0,4.2219904695799995e-05
PIT501,AIT503,0.000125814513132,0.0,0.0,4.1938171044e-05
FIT101,P102,5.130814221306171e-07,0.00010628213819456545,1.0802956e-06,3.595850507223202e-05
FIT503,AIT503,8.628688054041075e-05,0.0,0.0,2.876229351347025e-05
AIT201,P203,3.576224020567886e-05,0.0,0.0,1.1920746735226287e-05
PIT501,AIT504,3.435692184422553e-05,0.0,0.0,1.1452307281408509e-05
AIT203,P205,2.830561691324637e-05,0.0,0.0,9.43520563774879e-06
PIT503,AIT503,2.104657074054078e-05,0.0,0.0,7.01552358018026e-06
LIT401,P403,1.2277457748024763e-05,0.0,0.0,4.092485916008255e-06
FIT201,P201,1.7672326619380458e-06,0.0,0.0,5.890775539793486e-07
AIT202,P202,0.0,0.0,0.0,0.0
AIT201,P206,0.0,0.0,0.0,0.0
AIT201,P202,0.0,0.0,0.0,0.0
AIT202,P206,0.0,0.0,0.0,0.0
AIT202,P204,0.0,0.0,0.0,0.0
AIT203,P206,0.0,0.0,0.0,0.0
AIT203,P204,0.0,0.0,0.0,0.0
AIT201,P204,0.0,0.0,0.0,0.0
DPIT301,P301,0.0,0.0,0.0,0.0
AIT402,P404,0.0,0.0,0.0,0.0
AIT401,P404,0.0,0.0,0.0,0.0
AIT401,P401,0.0,0.0,0.0,0.0
AIT402,P401,0.0,0.0,0.0,0.0
AIT203,P202,0.0,0.0,0.0,0.0
FIT401,P401,0.0,0.0,0.0,0.0
FIT401,P404,0.0,0.0,0.0,0.0
FIT201,P204,0.0,0.0,0.0,0.0
FIT301,P301,0.0,0.0,0.0,0.0
FIT201,P202,0.0,0.0,0.0,0.0
FIT201,P206,0.0,0.0,0.0,0.0
LIT401,P404,0.0,0.0,0.0,0.0
LIT401,P401,0.0,0.0,0.0,0.0
LIT301,P301,0.0,0.0,0.0,0.0
FIT601,P601,0.0,0.0,0.0,0.0
